qasm_path,runtime,fidelity
feniqs_optimizer/data/paper_data/qft/qft_ucx_100.qasm,0.7175538539886475,1.0
feniqs_optimizer/data/paper_data/qft/qft_ucx_100.qasm,0.9303598403930664,1.0
feniqs_optimizer/data/paper_data/qftentangled/qftentangled_ucx_60.qasm,0.46752238273620605,1.0
feniqs_optimizer/data/paper_data/qftentangled/qftentangled_ucx_60.qasm,0.46901822090148926,1.0
feniqs_optimizer/data/paper_data/qftentangled/qftentangled_ucx_44.qasm,0.4066128730773926,1.0
feniqs_optimizer/data/paper_data/qftentangled/qftentangled_ucx_44.qasm,0.3233678340911865,1.0
feniqs_optimizer/data/paper_data/wstate/wstate_ucx_832.qasm,1.3482413291931152,1.0
feniqs_optimizer/data/paper_data/wstate/wstate_ucx_832.qasm,1.3502731323242188,1.0
feniqs_optimizer/data/paper_data/wstate/wstate_ucx_6.qasm,0.01660919189453125,1.0
feniqs_optimizer/data/paper_data/wstate/wstate_ucx_6.qasm,0.020020484924316406,1.0
feniqs_optimizer/data/paper_data/qnn/qnn_ucx_18.qasm,0.6578905582427979,1.0
feniqs_optimizer/data/paper_data/qnn/qnn_ucx_18.qasm,0.6463751792907715,1.0
feniqs_optimizer/data/paper_data/realamprandom/realamprandom_ucx_13.qasm,0.795184850692749,1.0
feniqs_optimizer/data/paper_data/realamprandom/realamprandom_ucx_13.qasm,0.8126659393310547,1.0
feniqs_optimizer/data/paper_data/qpeexact/qpeexact_ucx_240.qasm,13.236820697784424,1.0
feniqs_optimizer/data/paper_data/qpeexact/qpeexact_ucx_240.qasm,13.014729261398315,1.0
feniqs_optimizer/data/paper_data/qftentangled/qftentangled_ucx_112.qasm,0.9761664867401123,1.0
feniqs_optimizer/data/paper_data/qftentangled/qftentangled_ucx_112.qasm,1.045212745666504,1.0
feniqs_optimizer/data/paper_data/qftentangled/qftentangled_ucx_52.qasm,0.4077634811401367,1.0
feniqs_optimizer/data/paper_data/qftentangled/qftentangled_ucx_52.qasm,0.4077932834625244,1.0
feniqs_optimizer/data/paper_data/ghz/ghz_ucx_52.qasm,0.07836079597473145,1.0
feniqs_optimizer/data/paper_data/ghz/ghz_ucx_52.qasm,0.07342886924743652,1.0
feniqs_optimizer/data/paper_data/qpeexact/qpeexact_ucx_100.qasm,1.91377592086792,1.0
feniqs_optimizer/data/paper_data/qpeexact/qpeexact_ucx_100.qasm,0.8981659412384033,1.0
feniqs_optimizer/data/paper_data/qftentangled/qftentangled_ucx_20.qasm,0.11170816421508789,1.0
feniqs_optimizer/data/paper_data/qftentangled/qftentangled_ucx_20.qasm,0.11870646476745605,1.0
feniqs_optimizer/data/paper_data/ghz/ghz_ucx_24.qasm,0.04085254669189453,1.0
feniqs_optimizer/data/paper_data/ghz/ghz_ucx_24.qasm,0.042852163314819336,1.0
feniqs_optimizer/data/paper_data/qft/qft_ucx_60.qasm,0.3604445457458496,1.0
feniqs_optimizer/data/paper_data/qft/qft_ucx_60.qasm,0.3926992416381836,1.0
feniqs_optimizer/data/paper_data/qwalk/qwalk-v-chain_ucx_8.qasm,0.16218924522399902,1.0
feniqs_optimizer/data/paper_data/qwalk/qwalk-v-chain_ucx_8.qasm,0.1481325626373291,1.0
feniqs_optimizer/data/paper_data/qftentangled/qftentangled_ucx_120.qasm,1.0841789245605469,1.0
feniqs_optimizer/data/paper_data/qftentangled/qftentangled_ucx_120.qasm,1.0948305130004883,1.0
feniqs_optimizer/data/paper_data/qpeexact/qpeexact_ucx_8.qasm,0.02239060401916504,1.0
feniqs_optimizer/data/paper_data/qpeexact/qpeexact_ucx_8.qasm,0.025272846221923828,1.0
feniqs_optimizer/data/paper_data/qft/qft_ucx_72.qasm,0.45779919624328613,1.0
feniqs_optimizer/data/paper_data/qft/qft_ucx_72.qasm,0.6822195053100586,1.0
feniqs_optimizer/data/paper_data/qft/qft_ucx_40.qasm,0.20998764038085938,1.0
feniqs_optimizer/data/paper_data/qft/qft_ucx_40.qasm,0.21133208274841309,1.0
feniqs_optimizer/data/paper_data/qftentangled/qftentangled_ucx_104.qasm,0.9064469337463379,1.0
feniqs_optimizer/data/paper_data/qftentangled/qftentangled_ucx_104.qasm,0.9234967231750488,1.0
feniqs_optimizer/data/paper_data/su2random/su2random_ucx_11.qasm,0.18003582954406738,1.0
feniqs_optimizer/data/paper_data/su2random/su2random_ucx_11.qasm,0.17169570922851562,1.0
feniqs_optimizer/data/paper_data/wstate/wstate_ucx_26.qasm,0.053766489028930664,1.0
feniqs_optimizer/data/paper_data/wstate/wstate_ucx_26.qasm,0.04880046844482422,1.0
feniqs_optimizer/data/paper_data/qft/qft_ucx_80.qasm,0.5496792793273926,1.0
feniqs_optimizer/data/paper_data/qft/qft_ucx_80.qasm,0.5632443428039551,1.0
feniqs_optimizer/data/paper_data/qpeexact/qpeexact_ucx_40.qasm,0.3231394290924072,1.0
feniqs_optimizer/data/paper_data/qpeexact/qpeexact_ucx_40.qasm,0.2619020938873291,1.0
feniqs_optimizer/data/paper_data/su2random/su2random_ucx_13.qasm,0.8682425022125244,1.0
feniqs_optimizer/data/paper_data/su2random/su2random_ucx_13.qasm,0.8539125919342041,1.0
feniqs_optimizer/data/paper_data/graphstate/graphstate_ucx_26.qasm,0.07156205177307129,1.0
feniqs_optimizer/data/paper_data/graphstate/graphstate_ucx_26.qasm,0.06951475143432617,1.0
feniqs_optimizer/data/paper_data/ghz/ghz_ucx_160.qasm,0.22848296165466309,1.0
feniqs_optimizer/data/paper_data/ghz/ghz_ucx_160.qasm,0.21810388565063477,1.0
feniqs_optimizer/data/paper_data/qpeinexact/qpeinexact_ucx_48.qasm,2.441549777984619,1.0
feniqs_optimizer/data/paper_data/qpeinexact/qpeinexact_ucx_48.qasm,4.468780755996704,1.0
feniqs_optimizer/data/paper_data/qpeinexact/qpeinexact_ucx_96.qasm,12.385028600692749,1.0
feniqs_optimizer/data/paper_data/qpeinexact/qpeinexact_ucx_96.qasm,12.045493364334106,1.0
feniqs_optimizer/data/paper_data/qft/qft_ucx_5.qasm,0.014600515365600586,1.0
feniqs_optimizer/data/paper_data/qft/qft_ucx_5.qasm,0.014463424682617188,1.0
feniqs_optimizer/data/paper_data/qwalk/qwalk-v-chain_ucx_4.qasm,0.029480457305908203,1.0
feniqs_optimizer/data/paper_data/qwalk/qwalk-v-chain_ucx_4.qasm,0.029569387435913086,1.0
feniqs_optimizer/data/paper_data/qnn/qnn_ucx_9.qasm,0.0485684871673584,1.0
feniqs_optimizer/data/paper_data/qnn/qnn_ucx_9.qasm,0.04748272895812988,1.0
feniqs_optimizer/data/paper_data/wstate/wstate_ucx_32.qasm,0.0583643913269043,1.0
feniqs_optimizer/data/paper_data/wstate/wstate_ucx_32.qasm,0.057447195053100586,1.0
feniqs_optimizer/data/paper_data/qpeinexact/qpeinexact_ucx_56.qasm,5.94230055809021,1.0
feniqs_optimizer/data/paper_data/qpeinexact/qpeinexact_ucx_56.qasm,5.788654804229736,1.0
feniqs_optimizer/data/paper_data/graphstate/graphstate_ucx_16.qasm,0.03391075134277344,1.0
feniqs_optimizer/data/paper_data/graphstate/graphstate_ucx_16.qasm,0.03459453582763672,1.0
feniqs_optimizer/data/paper_data/qft/qft_ucx_22.qasm,0.09158468246459961,1.0
feniqs_optimizer/data/paper_data/qft/qft_ucx_22.qasm,0.09067320823669434,1.0
feniqs_optimizer/data/paper_data/wstate/wstate_ucx_28.qasm,0.05172562599182129,1.0
feniqs_optimizer/data/paper_data/wstate/wstate_ucx_28.qasm,0.05119037628173828,1.0
feniqs_optimizer/data/paper_data/ghz/ghz_ucx_240.qasm,0.3295776844024658,1.0
feniqs_optimizer/data/paper_data/ghz/ghz_ucx_240.qasm,0.3374032974243164,1.0
feniqs_optimizer/data/paper_data/qftentangled/qftentangled_ucx_56.qasm,0.5877878665924072,1.0
feniqs_optimizer/data/paper_data/qftentangled/qftentangled_ucx_56.qasm,0.44247007369995117,1.0
feniqs_optimizer/data/paper_data/ghz/ghz_ucx_416.qasm,0.5836131572723389,1.0
feniqs_optimizer/data/paper_data/ghz/ghz_ucx_416.qasm,0.5836997032165527,1.0
feniqs_optimizer/data/paper_data/random/random_ucx_8.qasm,0.038910627365112305,1.0
feniqs_optimizer/data/paper_data/random/random_ucx_8.qasm,0.03855276107788086,1.0
feniqs_optimizer/data/paper_data/qft/qft_ucx_88.qasm,0.5705125331878662,1.0
feniqs_optimizer/data/paper_data/qft/qft_ucx_88.qasm,0.5717835426330566,1.0
feniqs_optimizer/data/paper_data/qpeinexact/qpeinexact_ucx_28.qasm,0.7700512409210205,1.0
feniqs_optimizer/data/paper_data/qpeinexact/qpeinexact_ucx_28.qasm,0.7788534164428711,1.0
feniqs_optimizer/data/paper_data/random/random_ucx_7.qasm,0.02918529510498047,1.0
feniqs_optimizer/data/paper_data/random/random_ucx_7.qasm,0.029254436492919922,1.0
feniqs_optimizer/data/paper_data/wstate/wstate_ucx_960.qasm,1.586681842803955,1.0
feniqs_optimizer/data/paper_data/wstate/wstate_ucx_960.qasm,1.6280996799468994,1.0
feniqs_optimizer/data/paper_data/ae/ae_ucx_8.qasm,0.03199458122253418,1.0
feniqs_optimizer/data/paper_data/ae/ae_ucx_8.qasm,0.03249549865722656,1.0
feniqs_optimizer/data/paper_data/graphstate/graphstate_ucx_36.qasm,0.11337494850158691,1.0
feniqs_optimizer/data/paper_data/graphstate/graphstate_ucx_36.qasm,0.12021875381469727,1.0
feniqs_optimizer/data/paper_data/graphstate/graphstate_ucx_7.qasm,0.021192312240600586,1.0
feniqs_optimizer/data/paper_data/graphstate/graphstate_ucx_7.qasm,0.014953851699829102,1.0
feniqs_optimizer/data/paper_data/qpeexact/qpeexact_ucx_24.qasm,0.10442996025085449,1.0
feniqs_optimizer/data/paper_data/qpeexact/qpeexact_ucx_24.qasm,0.09411072731018066,1.0
feniqs_optimizer/data/paper_data/ghz/ghz_ucx_224.qasm,0.31295323371887207,1.0
feniqs_optimizer/data/paper_data/ghz/ghz_ucx_224.qasm,0.3105008602142334,1.0
feniqs_optimizer/data/paper_data/qft/qft_ucx_160.qasm,1.7547965049743652,1.0
feniqs_optimizer/data/paper_data/qft/qft_ucx_160.qasm,1.3624334335327148,1.0
feniqs_optimizer/data/paper_data/wstate/wstate_ucx_14.qasm,0.033394575119018555,1.0
feniqs_optimizer/data/paper_data/wstate/wstate_ucx_14.qasm,0.02940678596496582,1.0
feniqs_optimizer/data/paper_data/graphstate/graphstate_ucx_15.qasm,0.034580230712890625,1.0
feniqs_optimizer/data/paper_data/graphstate/graphstate_ucx_15.qasm,0.035382986068725586,1.0
feniqs_optimizer/data/paper_data/su2random/su2random_ucx_4.qasm,0.015569210052490234,1.0
feniqs_optimizer/data/paper_data/su2random/su2random_ucx_4.qasm,0.018001556396484375,1.0
feniqs_optimizer/data/paper_data/qwalk/qwalk-v-chain_ucx_24.qasm,2.2322003841400146,1.0
feniqs_optimizer/data/paper_data/qwalk/qwalk-v-chain_ucx_24.qasm,1.923734426498413,1.0
feniqs_optimizer/data/paper_data/qft/qft_ucx_11.qasm,0.031024456024169922,1.0
feniqs_optimizer/data/paper_data/qft/qft_ucx_11.qasm,0.03298497200012207,1.0
feniqs_optimizer/data/paper_data/qpeexact/qpeexact_ucx_144.qasm,4.078000545501709,1.0
feniqs_optimizer/data/paper_data/qpeexact/qpeexact_ucx_144.qasm,3.980081558227539,1.0
feniqs_optimizer/data/paper_data/qft/qft_ucx_36.qasm,0.18749046325683594,1.0
feniqs_optimizer/data/paper_data/qft/qft_ucx_36.qasm,0.18371057510375977,1.0
feniqs_optimizer/data/paper_data/graphstate/graphstate_ucx_40.qasm,0.08269286155700684,1.0
feniqs_optimizer/data/paper_data/graphstate/graphstate_ucx_40.qasm,0.08920621871948242,1.0
feniqs_optimizer/data/paper_data/ae/ae_ucx_16.qasm,0.4425513744354248,1.0
feniqs_optimizer/data/paper_data/ae/ae_ucx_16.qasm,0.43878626823425293,1.0
feniqs_optimizer/data/paper_data/wstate/wstate_ucx_64.qasm,0.10767340660095215,1.0
feniqs_optimizer/data/paper_data/wstate/wstate_ucx_64.qasm,0.10598087310791016,1.0
feniqs_optimizer/data/paper_data/wstate/wstate_ucx_9.qasm,0.024763822555541992,1.0
feniqs_optimizer/data/paper_data/wstate/wstate_ucx_9.qasm,0.022278308868408203,1.0
feniqs_optimizer/data/paper_data/realamprandom/realamprandom_ucx_4.qasm,0.016364336013793945,1.0
feniqs_optimizer/data/paper_data/realamprandom/realamprandom_ucx_4.qasm,0.01647329330444336,1.0
feniqs_optimizer/data/paper_data/qft/qft_ucx_9.qasm,0.025093793869018555,1.0
feniqs_optimizer/data/paper_data/qft/qft_ucx_9.qasm,0.02599358558654785,1.0
feniqs_optimizer/data/paper_data/qft/qft_ucx_48.qasm,0.2741372585296631,1.0
feniqs_optimizer/data/paper_data/qft/qft_ucx_48.qasm,0.34360289573669434,1.0
feniqs_optimizer/data/paper_data/qpeexact/qpeexact_ucx_80.qasm,1.286470651626587,1.0
feniqs_optimizer/data/paper_data/qpeexact/qpeexact_ucx_80.qasm,1.3291735649108887,1.0
feniqs_optimizer/data/paper_data/qft/qft_ucx_28.qasm,0.13202857971191406,1.0
feniqs_optimizer/data/paper_data/qft/qft_ucx_28.qasm,0.14079761505126953,1.0
feniqs_optimizer/data/paper_data/su2random/su2random_ucx_9.qasm,0.057697296142578125,1.0
feniqs_optimizer/data/paper_data/su2random/su2random_ucx_9.qasm,0.04968452453613281,1.0
feniqs_optimizer/data/paper_data/qpeexact/qpeexact_ucx_128.qasm,2.9581997394561768,1.0
feniqs_optimizer/data/paper_data/qpeexact/qpeexact_ucx_128.qasm,2.967256546020508,1.0
feniqs_optimizer/data/paper_data/ghz/ghz_ucx_480.qasm,0.66921067237854,1.0
feniqs_optimizer/data/paper_data/ghz/ghz_ucx_480.qasm,0.671442985534668,1.0
feniqs_optimizer/data/paper_data/qftentangled/qftentangled_ucx_13.qasm,0.0553739070892334,1.0
feniqs_optimizer/data/paper_data/qftentangled/qftentangled_ucx_13.qasm,0.05048203468322754,1.0
feniqs_optimizer/data/paper_data/ae/ae_ucx_20.qasm,1.5840201377868652,1.0
feniqs_optimizer/data/paper_data/ae/ae_ucx_20.qasm,1.6071803569793701,1.0
feniqs_optimizer/data/paper_data/graphstate/graphstate_ucx_18.qasm,0.03663206100463867,1.0
feniqs_optimizer/data/paper_data/graphstate/graphstate_ucx_18.qasm,0.036195993423461914,1.0
feniqs_optimizer/data/paper_data/ghz/ghz_ucx_256.qasm,0.35031676292419434,1.0
feniqs_optimizer/data/paper_data/ghz/ghz_ucx_256.qasm,0.3603358268737793,1.0
feniqs_optimizer/data/paper_data/qpeexact/qpeexact_ucx_4.qasm,0.014321327209472656,1.0
feniqs_optimizer/data/paper_data/qpeexact/qpeexact_ucx_4.qasm,0.011647701263427734,1.0
feniqs_optimizer/data/paper_data/wstate/wstate_ucx_10.qasm,0.025634765625,1.0
feniqs_optimizer/data/paper_data/wstate/wstate_ucx_10.qasm,0.02636575698852539,1.0
feniqs_optimizer/data/paper_data/qpeexact/qpeexact_ucx_208.qasm,9.928115129470825,1.0
feniqs_optimizer/data/paper_data/qpeexact/qpeexact_ucx_208.qasm,9.886940240859985,1.0
feniqs_optimizer/data/paper_data/ghz/ghz_ucx_20.qasm,0.03389620780944824,1.0
feniqs_optimizer/data/paper_data/ghz/ghz_ucx_20.qasm,0.03691554069519043,1.0
feniqs_optimizer/data/paper_data/ae/ae_ucx_11.qasm,0.07962536811828613,1.0
feniqs_optimizer/data/paper_data/ae/ae_ucx_11.qasm,0.0787656307220459,1.0
feniqs_optimizer/data/paper_data/ae/ae_ucx_26.qasm,5.207464933395386,1.0
feniqs_optimizer/data/paper_data/ae/ae_ucx_26.qasm,5.195664167404175,1.0
feniqs_optimizer/data/paper_data/realamprandom/realamprandom_ucx_9.qasm,0.05220222473144531,1.0
feniqs_optimizer/data/paper_data/realamprandom/realamprandom_ucx_9.qasm,0.05254864692687988,1.0
feniqs_optimizer/data/paper_data/random/random_ucx_12.qasm,0.7075402736663818,1.0
feniqs_optimizer/data/paper_data/random/random_ucx_12.qasm,0.7027997970581055,1.0
feniqs_optimizer/data/paper_data/wstate/wstate_ucx_11.qasm,0.024988174438476562,1.0
feniqs_optimizer/data/paper_data/wstate/wstate_ucx_11.qasm,0.02750420570373535,1.0
feniqs_optimizer/data/paper_data/qpeexact/qpeexact_ucx_224.qasm,11.369338989257812,1.0
feniqs_optimizer/data/paper_data/qpeexact/qpeexact_ucx_224.qasm,13.097506523132324,1.0
feniqs_optimizer/data/paper_data/ghz/ghz_ucx_512.qasm,0.6987590789794922,1.0
feniqs_optimizer/data/paper_data/ghz/ghz_ucx_512.qasm,0.6971912384033203,1.0
feniqs_optimizer/data/paper_data/qftentangled/qftentangled_ucx_224.qasm,2.3186283111572266,1.0
feniqs_optimizer/data/paper_data/qftentangled/qftentangled_ucx_224.qasm,2.247774839401245,1.0
feniqs_optimizer/data/paper_data/qwalk/qwalk-v-chain_ucx_9.qasm,0.1941845417022705,1.0
feniqs_optimizer/data/paper_data/qwalk/qwalk-v-chain_ucx_9.qasm,0.23041796684265137,1.0
feniqs_optimizer/data/paper_data/qpeinexact/qpeinexact_ucx_15.qasm,0.16268301010131836,1.0
feniqs_optimizer/data/paper_data/qpeinexact/qpeinexact_ucx_15.qasm,0.16191387176513672,1.0
feniqs_optimizer/data/paper_data/qftentangled/qftentangled_ucx_128.qasm,1.1034009456634521,1.0
feniqs_optimizer/data/paper_data/qftentangled/qftentangled_ucx_128.qasm,1.1112732887268066,1.0
feniqs_optimizer/data/paper_data/wstate/wstate_ucx_56.qasm,0.10069608688354492,1.0
feniqs_optimizer/data/paper_data/wstate/wstate_ucx_56.qasm,0.1018366813659668,1.0
feniqs_optimizer/data/paper_data/ae/ae_ucx_7.qasm,0.02592325210571289,1.0
feniqs_optimizer/data/paper_data/ae/ae_ucx_7.qasm,0.02449822425842285,1.0
feniqs_optimizer/data/paper_data/qpeexact/qpeexact_ucx_11.qasm,0.03269815444946289,1.0
feniqs_optimizer/data/paper_data/qpeexact/qpeexact_ucx_11.qasm,0.035058021545410156,1.0
feniqs_optimizer/data/paper_data/random/random_ucx_9.qasm,0.05260586738586426,1.0
feniqs_optimizer/data/paper_data/random/random_ucx_9.qasm,0.052132606506347656,1.0
feniqs_optimizer/data/paper_data/qpeexact/qpeexact_ucx_12.qasm,0.034737348556518555,1.0
feniqs_optimizer/data/paper_data/qpeexact/qpeexact_ucx_12.qasm,0.03923439979553223,1.0
feniqs_optimizer/data/paper_data/qpeinexact/qpeinexact_ucx_144.qasm,24.566040515899658,1.0
feniqs_optimizer/data/paper_data/qpeinexact/qpeinexact_ucx_144.qasm,24.35676860809326,1.0
feniqs_optimizer/data/paper_data/qft/qft_ucx_10.qasm,0.02721118927001953,1.0
feniqs_optimizer/data/paper_data/qft/qft_ucx_10.qasm,0.027366161346435547,1.0
feniqs_optimizer/data/paper_data/ghz/ghz_ucx_104.qasm,0.14559435844421387,1.0
feniqs_optimizer/data/paper_data/ghz/ghz_ucx_104.qasm,0.14931726455688477,1.0
feniqs_optimizer/data/paper_data/qft/qft_ucx_44.qasm,0.2500874996185303,1.0
feniqs_optimizer/data/paper_data/qft/qft_ucx_44.qasm,0.30365753173828125,1.0
feniqs_optimizer/data/paper_data/qnn/qnn_ucx_12.qasm,0.10895586013793945,1.0
feniqs_optimizer/data/paper_data/qnn/qnn_ucx_12.qasm,0.10877227783203125,1.0
feniqs_optimizer/data/paper_data/qpeinexact/qpeinexact_ucx_208.qasm,59.07519459724426,1.0
feniqs_optimizer/data/paper_data/qpeinexact/qpeinexact_ucx_208.qasm,6.52510404586792,1.0
feniqs_optimizer/data/paper_data/wstate/wstate_ucx_480.qasm,0.74220871925354,1.0
feniqs_optimizer/data/paper_data/wstate/wstate_ucx_480.qasm,0.7458946704864502,1.0
feniqs_optimizer/data/paper_data/ae/ae_ucx_100.qasm,317.0942876338959,1.0
feniqs_optimizer/data/paper_data/ae/ae_ucx_100.qasm,307.65094089508057,1.0
feniqs_optimizer/data/paper_data/wstate/wstate_ucx_768.qasm,1.2072296142578125,1.0
feniqs_optimizer/data/paper_data/wstate/wstate_ucx_768.qasm,1.2458784580230713,1.0
feniqs_optimizer/data/paper_data/ghz/ghz_ucx_4.qasm,0.014589786529541016,1.0
feniqs_optimizer/data/paper_data/ghz/ghz_ucx_4.qasm,0.01335763931274414,1.0
feniqs_optimizer/data/paper_data/realamprandom/realamprandom_ucx_10.qasm,0.09010815620422363,1.0
feniqs_optimizer/data/paper_data/realamprandom/realamprandom_ucx_10.qasm,0.09068632125854492,1.0
feniqs_optimizer/data/paper_data/qpeinexact/qpeinexact_ucx_100.qasm,12.797741174697876,1.0
feniqs_optimizer/data/paper_data/qpeinexact/qpeinexact_ucx_100.qasm,12.63314151763916,1.0
feniqs_optimizer/data/paper_data/qpeinexact/qpeinexact_ucx_88.qasm,10.653006076812744,1.0
feniqs_optimizer/data/paper_data/qpeinexact/qpeinexact_ucx_88.qasm,10.454010009765625,1.0
feniqs_optimizer/data/paper_data/qftentangled/qftentangled_ucx_6.qasm,0.021707534790039062,1.0
feniqs_optimizer/data/paper_data/qftentangled/qftentangled_ucx_6.qasm,0.021128416061401367,1.0
feniqs_optimizer/data/paper_data/ae/ae_ucx_72.qasm,780.1511378288269,1.0
feniqs_optimizer/data/paper_data/ae/ae_ucx_72.qasm,190.43727493286133,1.0
feniqs_optimizer/data/paper_data/qft/qft_ucx_176.qasm,1.3490164279937744,1.0
feniqs_optimizer/data/paper_data/qft/qft_ucx_176.qasm,1.3617804050445557,1.0
feniqs_optimizer/data/paper_data/wstate/wstate_ucx_5.qasm,0.012054920196533203,1.0
feniqs_optimizer/data/paper_data/wstate/wstate_ucx_5.qasm,0.015335798263549805,1.0
feniqs_optimizer/data/paper_data/su2random/su2random_ucx_12.qasm,0.4057927131652832,1.0
feniqs_optimizer/data/paper_data/su2random/su2random_ucx_12.qasm,0.39706969261169434,1.0
feniqs_optimizer/data/paper_data/qpeinexact/qpeinexact_ucx_10.qasm,0.04297018051147461,1.0
feniqs_optimizer/data/paper_data/qpeinexact/qpeinexact_ucx_10.qasm,0.04285478591918945,1.0
feniqs_optimizer/data/paper_data/ae/ae_ucx_28.qasm,4.227621793746948,1.0
feniqs_optimizer/data/paper_data/ae/ae_ucx_28.qasm,4.241434812545776,1.0
feniqs_optimizer/data/paper_data/qpeinexact/qpeinexact_ucx_16.qasm,0.19898104667663574,1.0
feniqs_optimizer/data/paper_data/qpeinexact/qpeinexact_ucx_16.qasm,0.19775891304016113,1.0
feniqs_optimizer/data/paper_data/qpeexact/qpeexact_ucx_60.qasm,0.7138996124267578,1.0
feniqs_optimizer/data/paper_data/qpeexact/qpeexact_ucx_60.qasm,0.7459471225738525,1.0
feniqs_optimizer/data/paper_data/wstate/wstate_ucx_704.qasm,1.1307587623596191,1.0
feniqs_optimizer/data/paper_data/wstate/wstate_ucx_704.qasm,1.1136794090270996,1.0
feniqs_optimizer/data/paper_data/qpeinexact/qpeinexact_ucx_6.qasm,0.020735502243041992,1.0
feniqs_optimizer/data/paper_data/qpeinexact/qpeinexact_ucx_6.qasm,0.02143120765686035,1.0
feniqs_optimizer/data/paper_data/wstate/wstate_ucx_192.qasm,0.3024733066558838,1.0
feniqs_optimizer/data/paper_data/wstate/wstate_ucx_192.qasm,0.30141758918762207,1.0
feniqs_optimizer/data/paper_data/qnn/qnn_ucx_24.qasm,3.282935380935669,1.0
feniqs_optimizer/data/paper_data/qnn/qnn_ucx_24.qasm,3.260524034500122,1.0
feniqs_optimizer/data/paper_data/random/random_ucx_10.qasm,0.07727837562561035,1.0
feniqs_optimizer/data/paper_data/random/random_ucx_10.qasm,0.08031845092773438,1.0
feniqs_optimizer/data/paper_data/qpeinexact/qpeinexact_ucx_32.qasm,1.3736393451690674,1.0
feniqs_optimizer/data/paper_data/qpeinexact/qpeinexact_ucx_32.qasm,1.3452601432800293,1.0
feniqs_optimizer/data/paper_data/wstate/wstate_ucx_88.qasm,0.143632173538208,1.0
feniqs_optimizer/data/paper_data/wstate/wstate_ucx_88.qasm,0.14194750785827637,1.0
feniqs_optimizer/data/paper_data/qft/qft_ucx_4.qasm,0.013215065002441406,1.0
feniqs_optimizer/data/paper_data/qft/qft_ucx_4.qasm,0.010511398315429688,1.0
feniqs_optimizer/data/paper_data/qft/qft_ucx_18.qasm,0.06587982177734375,1.0
feniqs_optimizer/data/paper_data/qft/qft_ucx_18.qasm,0.06579780578613281,1.0
feniqs_optimizer/data/paper_data/ghz/ghz_ucx_208.qasm,0.2920043468475342,1.0
feniqs_optimizer/data/paper_data/ghz/ghz_ucx_208.qasm,0.28240251541137695,1.0
feniqs_optimizer/data/paper_data/qft/qft_ucx_14.qasm,0.04568910598754883,1.0
feniqs_optimizer/data/paper_data/qft/qft_ucx_14.qasm,0.03787708282470703,1.0
feniqs_optimizer/data/paper_data/qftentangled/qftentangled_ucx_7.qasm,0.026160478591918945,1.0
feniqs_optimizer/data/paper_data/qftentangled/qftentangled_ucx_7.qasm,0.0243375301361084,1.0
feniqs_optimizer/data/paper_data/qwalk/qwalk-v-chain_ucx_6.qasm,0.0982978343963623,1.0
feniqs_optimizer/data/paper_data/qwalk/qwalk-v-chain_ucx_6.qasm,0.0742044448852539,1.0
feniqs_optimizer/data/paper_data/qpeinexact/qpeinexact_ucx_224.qasm,69.8671362400055,1.0
feniqs_optimizer/data/paper_data/qpeinexact/qpeinexact_ucx_224.qasm,69.98751926422119,1.0
feniqs_optimizer/data/paper_data/qftentangled/qftentangled_ucx_192.qasm,1.9517369270324707,1.0
feniqs_optimizer/data/paper_data/qftentangled/qftentangled_ucx_192.qasm,1.915642261505127,1.0
feniqs_optimizer/data/paper_data/qpeexact/qpeexact_ucx_5.qasm,0.019811630249023438,1.0
feniqs_optimizer/data/paper_data/qpeexact/qpeexact_ucx_5.qasm,0.017393112182617188,1.0
feniqs_optimizer/data/paper_data/qwalk/qwalk-v-chain_ucx_14.qasm,0.561835527420044,1.0
feniqs_optimizer/data/paper_data/qwalk/qwalk-v-chain_ucx_14.qasm,0.5434110164642334,1.0
feniqs_optimizer/data/paper_data/qftentangled/qftentangled_ucx_12.qasm,0.0495145320892334,1.0
feniqs_optimizer/data/paper_data/qftentangled/qftentangled_ucx_12.qasm,0.04950904846191406,1.0
feniqs_optimizer/data/paper_data/graphstate/graphstate_ucx_14.qasm,0.03125190734863281,1.0
feniqs_optimizer/data/paper_data/graphstate/graphstate_ucx_14.qasm,0.03076624870300293,1.0
feniqs_optimizer/data/paper_data/qpeinexact/qpeinexact_ucx_80.qasm,9.871991634368896,1.0
feniqs_optimizer/data/paper_data/qpeinexact/qpeinexact_ucx_80.qasm,9.726566076278687,1.0
feniqs_optimizer/data/paper_data/qftentangled/qftentangled_ucx_176.qasm,1.6677415370941162,1.0
feniqs_optimizer/data/paper_data/qftentangled/qftentangled_ucx_176.qasm,1.650132656097412,1.0
feniqs_optimizer/data/paper_data/qpeinexact/qpeinexact_ucx_44.qasm,4.319316864013672,1.0
feniqs_optimizer/data/paper_data/qpeinexact/qpeinexact_ucx_44.qasm,4.265922546386719,1.0
feniqs_optimizer/data/paper_data/ghz/ghz_ucx_8.qasm,0.01867842674255371,1.0
feniqs_optimizer/data/paper_data/ghz/ghz_ucx_8.qasm,0.018411636352539062,1.0
feniqs_optimizer/data/paper_data/ae/ae_ucx_13.qasm,0.17801976203918457,1.0
feniqs_optimizer/data/paper_data/ae/ae_ucx_13.qasm,0.18424701690673828,1.0
feniqs_optimizer/data/paper_data/ghz/ghz_ucx_48.qasm,0.06547808647155762,1.0
feniqs_optimizer/data/paper_data/ghz/ghz_ucx_48.qasm,0.0785830020904541,1.0
feniqs_optimizer/data/paper_data/su2random/su2random_ucx_10.qasm,0.09765148162841797,1.0
feniqs_optimizer/data/paper_data/su2random/su2random_ucx_10.qasm,0.09285879135131836,1.0
feniqs_optimizer/data/paper_data/ghz/ghz_ucx_22.qasm,0.03766298294067383,1.0
feniqs_optimizer/data/paper_data/ghz/ghz_ucx_22.qasm,0.03695845603942871,1.0
feniqs_optimizer/data/paper_data/graphstate/graphstate_ucx_8.qasm,0.02157139778137207,1.0
feniqs_optimizer/data/paper_data/graphstate/graphstate_ucx_8.qasm,0.020131349563598633,1.0
feniqs_optimizer/data/paper_data/qpeexact/qpeexact_ucx_32.qasm,0.1771833896636963,1.0
feniqs_optimizer/data/paper_data/qpeexact/qpeexact_ucx_32.qasm,0.1757192611694336,1.0
feniqs_optimizer/data/paper_data/ae/ae_ucx_40.qasm,7.67614221572876,1.0
feniqs_optimizer/data/paper_data/ae/ae_ucx_40.qasm,7.670077800750732,1.0
feniqs_optimizer/data/paper_data/qwalk/qwalk-v-chain_ucx_11.qasm,0.325763463973999,1.0
feniqs_optimizer/data/paper_data/qwalk/qwalk-v-chain_ucx_11.qasm,0.27291035652160645,1.0
feniqs_optimizer/data/paper_data/qft/qft_ucx_192.qasm,1.525853157043457,1.0
feniqs_optimizer/data/paper_data/qft/qft_ucx_192.qasm,1.511112928390503,1.0
feniqs_optimizer/data/paper_data/ae/ae_ucx_80.qasm,377.1340548992157,1.0
feniqs_optimizer/data/paper_data/ae/ae_ucx_80.qasm,657.4760558605194,1.0
feniqs_optimizer/data/paper_data/ae/ae_ucx_30.qasm,6.088841676712036,1.0
feniqs_optimizer/data/paper_data/ae/ae_ucx_30.qasm,6.220855951309204,1.0
feniqs_optimizer/data/paper_data/qpeexact/qpeexact_ucx_16.qasm,0.06528592109680176,1.0
feniqs_optimizer/data/paper_data/qpeexact/qpeexact_ucx_16.qasm,0.06801748275756836,1.0
feniqs_optimizer/data/paper_data/qpeinexact/qpeinexact_ucx_160.qasm,32.286489725112915,1.0
feniqs_optimizer/data/paper_data/qpeinexact/qpeinexact_ucx_160.qasm,31.45341682434082,1.0
feniqs_optimizer/data/paper_data/graphstate/graphstate_ucx_22.qasm,0.04176831245422363,1.0
feniqs_optimizer/data/paper_data/graphstate/graphstate_ucx_22.qasm,0.04079413414001465,1.0
feniqs_optimizer/data/paper_data/qpeexact/qpeexact_ucx_88.qasm,1.4605271816253662,1.0
feniqs_optimizer/data/paper_data/qpeexact/qpeexact_ucx_88.qasm,1.4329981803894043,1.0
feniqs_optimizer/data/paper_data/ae/ae_ucx_18.qasm,0.8989036083221436,1.0
feniqs_optimizer/data/paper_data/ae/ae_ucx_18.qasm,0.8591699600219727,1.0
feniqs_optimizer/data/paper_data/qpeinexact/qpeinexact_ucx_26.qasm,1.1135363578796387,1.0
feniqs_optimizer/data/paper_data/qpeinexact/qpeinexact_ucx_26.qasm,0.7041652202606201,1.0
feniqs_optimizer/data/paper_data/graphstate/graphstate_ucx_6.qasm,0.023493289947509766,1.0
feniqs_optimizer/data/paper_data/graphstate/graphstate_ucx_6.qasm,0.018901348114013672,1.0
feniqs_optimizer/data/paper_data/realamprandom/realamprandom_ucx_8.qasm,0.03612661361694336,1.0
feniqs_optimizer/data/paper_data/realamprandom/realamprandom_ucx_8.qasm,0.037955284118652344,1.0
feniqs_optimizer/data/paper_data/qftentangled/qftentangled_ucx_208.qasm,3.047854423522949,1.0
feniqs_optimizer/data/paper_data/qftentangled/qftentangled_ucx_208.qasm,2.175687551498413,1.0
feniqs_optimizer/data/paper_data/graphstate/graphstate_ucx_10.qasm,0.023226261138916016,1.0
feniqs_optimizer/data/paper_data/graphstate/graphstate_ucx_10.qasm,0.02416682243347168,1.0
feniqs_optimizer/data/paper_data/qft/qft_ucx_144.qasm,1.1628265380859375,1.0
feniqs_optimizer/data/paper_data/qft/qft_ucx_144.qasm,1.0698292255401611,1.0
feniqs_optimizer/data/paper_data/wstate/wstate_ucx_12.qasm,0.029737472534179688,1.0
feniqs_optimizer/data/paper_data/wstate/wstate_ucx_12.qasm,0.0264434814453125,1.0
feniqs_optimizer/data/paper_data/wstate/wstate_ucx_240.qasm,0.3808586597442627,1.0
feniqs_optimizer/data/paper_data/wstate/wstate_ucx_240.qasm,0.37250232696533203,1.0
feniqs_optimizer/data/paper_data/qft/qft_ucx_128.qasm,0.8809797763824463,1.0
feniqs_optimizer/data/paper_data/qft/qft_ucx_128.qasm,0.9213566780090332,1.0
feniqs_optimizer/data/paper_data/qpeexact/qpeexact_ucx_160.qasm,5.133501768112183,1.0
feniqs_optimizer/data/paper_data/qpeexact/qpeexact_ucx_160.qasm,5.095937013626099,1.0
feniqs_optimizer/data/paper_data/random/random_ucx_11.qasm,0.16353797912597656,1.0
feniqs_optimizer/data/paper_data/random/random_ucx_11.qasm,0.16634774208068848,1.0
feniqs_optimizer/data/paper_data/qpeexact/qpeexact_ucx_10.qasm,0.031031370162963867,1.0
feniqs_optimizer/data/paper_data/qpeexact/qpeexact_ucx_10.qasm,0.02705669403076172,1.0
feniqs_optimizer/data/paper_data/qftentangled/qftentangled_ucx_32.qasm,0.22168970108032227,1.0
feniqs_optimizer/data/paper_data/qftentangled/qftentangled_ucx_32.qasm,0.2155745029449463,1.0
feniqs_optimizer/data/paper_data/ae/ae_ucx_4.qasm,0.016065359115600586,1.0
feniqs_optimizer/data/paper_data/ae/ae_ucx_4.qasm,0.015781879425048828,1.0
feniqs_optimizer/data/paper_data/graphstate/graphstate_ucx_24.qasm,0.051276206970214844,1.0
feniqs_optimizer/data/paper_data/graphstate/graphstate_ucx_24.qasm,0.05231451988220215,1.0
feniqs_optimizer/data/paper_data/qpeinexact/qpeinexact_ucx_7.qasm,0.025362014770507812,1.0
feniqs_optimizer/data/paper_data/qpeinexact/qpeinexact_ucx_7.qasm,0.024875402450561523,1.0
feniqs_optimizer/data/paper_data/wstate/wstate_ucx_4.qasm,0.015429258346557617,1.0
feniqs_optimizer/data/paper_data/wstate/wstate_ucx_4.qasm,0.014783859252929688,1.0
feniqs_optimizer/data/paper_data/qpeexact/qpeexact_ucx_112.qasm,2.418869972229004,1.0
feniqs_optimizer/data/paper_data/qpeexact/qpeexact_ucx_112.qasm,1.0473566055297852,1.0
feniqs_optimizer/data/paper_data/ae/ae_ucx_60.qasm,158.8889398574829,1.0
feniqs_optimizer/data/paper_data/ae/ae_ucx_60.qasm,164.70780277252197,1.0
feniqs_optimizer/data/paper_data/wstate/wstate_ucx_448.qasm,0.693446159362793,1.0
feniqs_optimizer/data/paper_data/wstate/wstate_ucx_448.qasm,0.7108452320098877,1.0
feniqs_optimizer/data/paper_data/qpeexact/qpeexact_ucx_15.qasm,0.05484271049499512,1.0
feniqs_optimizer/data/paper_data/qpeexact/qpeexact_ucx_15.qasm,0.05430030822753906,1.0
feniqs_optimizer/data/paper_data/ghz/ghz_ucx_352.qasm,0.4729900360107422,1.0
feniqs_optimizer/data/paper_data/ghz/ghz_ucx_352.qasm,0.49216747283935547,1.0
feniqs_optimizer/data/paper_data/qpeinexact/qpeinexact_ucx_9.qasm,0.038831233978271484,1.0
feniqs_optimizer/data/paper_data/qpeinexact/qpeinexact_ucx_9.qasm,0.05472683906555176,1.0
feniqs_optimizer/data/paper_data/qpeexact/qpeexact_ucx_26.qasm,0.16308951377868652,1.0
feniqs_optimizer/data/paper_data/qpeexact/qpeexact_ucx_26.qasm,0.16304874420166016,1.0
feniqs_optimizer/data/paper_data/qpeexact/qpeexact_ucx_9.qasm,0.03247952461242676,1.0
feniqs_optimizer/data/paper_data/qpeexact/qpeexact_ucx_9.qasm,0.03840494155883789,1.0
feniqs_optimizer/data/paper_data/ae/ae_ucx_52.qasm,44.31774187088013,1.0
feniqs_optimizer/data/paper_data/ae/ae_ucx_52.qasm,43.171417474746704,1.0
feniqs_optimizer/data/paper_data/qwalk/qwalk-v-chain_ucx_18.qasm,0.994866132736206,1.0
feniqs_optimizer/data/paper_data/qwalk/qwalk-v-chain_ucx_18.qasm,0.9921679496765137,1.0
feniqs_optimizer/data/paper_data/qwalk/qwalk-v-chain_ucx_16.qasm,0.7574868202209473,1.0
feniqs_optimizer/data/paper_data/qwalk/qwalk-v-chain_ucx_16.qasm,0.7535841464996338,1.0
feniqs_optimizer/data/paper_data/ghz/ghz_ucx_704.qasm,0.9810149669647217,1.0
feniqs_optimizer/data/paper_data/ghz/ghz_ucx_704.qasm,0.9808685779571533,1.0
feniqs_optimizer/data/paper_data/ae/ae_ucx_96.qasm,676.7458550930023,1.0
feniqs_optimizer/data/paper_data/ae/ae_ucx_96.qasm,702.7592380046844,1.0
feniqs_optimizer/data/paper_data/qft/qft_ucx_8.qasm,0.02126336097717285,1.0
feniqs_optimizer/data/paper_data/qft/qft_ucx_8.qasm,0.02299189567565918,1.0
feniqs_optimizer/data/paper_data/qft/qft_ucx_112.qasm,0.7623655796051025,1.0
feniqs_optimizer/data/paper_data/qft/qft_ucx_112.qasm,0.7938284873962402,1.0
feniqs_optimizer/data/paper_data/wstate/wstate_ucx_256.qasm,0.40715813636779785,1.0
feniqs_optimizer/data/paper_data/wstate/wstate_ucx_256.qasm,0.3932936191558838,1.0
feniqs_optimizer/data/paper_data/qnn/qnn_ucx_4.qasm,0.018894672393798828,1.0
feniqs_optimizer/data/paper_data/qnn/qnn_ucx_4.qasm,0.019409656524658203,1.0
feniqs_optimizer/data/paper_data/wstate/wstate_ucx_52.qasm,0.08776116371154785,1.0
feniqs_optimizer/data/paper_data/wstate/wstate_ucx_52.qasm,0.08759784698486328,1.0
feniqs_optimizer/data/paper_data/qftentangled/qftentangled_ucx_11.qasm,0.04381155967712402,1.0
feniqs_optimizer/data/paper_data/qftentangled/qftentangled_ucx_11.qasm,0.04375624656677246,1.0
feniqs_optimizer/data/paper_data/qftentangled/qftentangled_ucx_64.qasm,0.6835858821868896,1.0
feniqs_optimizer/data/paper_data/qftentangled/qftentangled_ucx_64.qasm,0.5078661441802979,1.0
feniqs_optimizer/data/paper_data/ghz/ghz_ucx_176.qasm,0.2389545440673828,1.0
feniqs_optimizer/data/paper_data/ghz/ghz_ucx_176.qasm,0.23583221435546875,1.0
feniqs_optimizer/data/paper_data/qpeinexact/qpeinexact_ucx_64.qasm,6.932774066925049,1.0
feniqs_optimizer/data/paper_data/qpeinexact/qpeinexact_ucx_64.qasm,7.039733409881592,1.0
feniqs_optimizer/data/paper_data/qpeinexact/qpeinexact_ucx_20.qasm,0.47918009757995605,1.0
feniqs_optimizer/data/paper_data/qpeinexact/qpeinexact_ucx_20.qasm,0.4732973575592041,1.0
feniqs_optimizer/data/paper_data/qpeinexact/qpeinexact_ucx_11.qasm,0.06081509590148926,1.0
feniqs_optimizer/data/paper_data/qpeinexact/qpeinexact_ucx_11.qasm,0.05434131622314453,1.0
feniqs_optimizer/data/paper_data/wstate/wstate_ucx_640.qasm,1.0035223960876465,1.0
feniqs_optimizer/data/paper_data/wstate/wstate_ucx_640.qasm,0.9767382144927979,1.0
feniqs_optimizer/data/paper_data/qft/qft_ucx_208.qasm,1.8417398929595947,1.0
feniqs_optimizer/data/paper_data/qft/qft_ucx_208.qasm,1.8495583534240723,1.0
feniqs_optimizer/data/paper_data/qft/qft_ucx_20.qasm,0.08814549446105957,1.0
feniqs_optimizer/data/paper_data/qft/qft_ucx_20.qasm,0.0938255786895752,1.0
feniqs_optimizer/data/paper_data/ae/ae_ucx_10.qasm,0.06256747245788574,1.0
feniqs_optimizer/data/paper_data/ae/ae_ucx_10.qasm,0.06320524215698242,1.0
feniqs_optimizer/data/paper_data/graphstate/graphstate_ucx_44.qasm,0.1432490348815918,1.0
feniqs_optimizer/data/paper_data/graphstate/graphstate_ucx_44.qasm,0.13955259323120117,1.0
feniqs_optimizer/data/paper_data/qpeexact/qpeexact_ucx_7.qasm,0.024841785430908203,1.0
feniqs_optimizer/data/paper_data/qpeexact/qpeexact_ucx_7.qasm,0.03561568260192871,1.0
feniqs_optimizer/data/paper_data/qftentangled/qftentangled_ucx_28.qasm,0.20389246940612793,1.0
feniqs_optimizer/data/paper_data/qftentangled/qftentangled_ucx_28.qasm,0.2107231616973877,1.0
feniqs_optimizer/data/paper_data/wstate/wstate_ucx_120.qasm,0.20296812057495117,1.0
feniqs_optimizer/data/paper_data/wstate/wstate_ucx_120.qasm,0.20204401016235352,1.0
feniqs_optimizer/data/paper_data/qwalk/qwalk-v-chain_ucx_5.qasm,0.05352520942687988,1.0
feniqs_optimizer/data/paper_data/qwalk/qwalk-v-chain_ucx_5.qasm,0.05670905113220215,1.0
feniqs_optimizer/data/paper_data/qftentangled/qftentangled_ucx_15.qasm,0.0843656063079834,1.0
feniqs_optimizer/data/paper_data/qftentangled/qftentangled_ucx_15.qasm,0.0834951400756836,1.0
feniqs_optimizer/data/paper_data/random/random_ucx_6.qasm,0.03757977485656738,1.0
feniqs_optimizer/data/paper_data/random/random_ucx_6.qasm,0.04430723190307617,1.0
feniqs_optimizer/data/paper_data/ghz/ghz_ucx_32.qasm,0.06014823913574219,1.0
feniqs_optimizer/data/paper_data/ghz/ghz_ucx_32.qasm,0.06573200225830078,1.0
feniqs_optimizer/data/paper_data/qpeexact/qpeexact_ucx_176.qasm,7.117500305175781,1.0
feniqs_optimizer/data/paper_data/qpeexact/qpeexact_ucx_176.qasm,6.855883598327637,1.0
feniqs_optimizer/data/paper_data/qpeinexact/qpeinexact_ucx_18.qasm,0.3228340148925781,1.0
feniqs_optimizer/data/paper_data/qpeinexact/qpeinexact_ucx_18.qasm,0.34089112281799316,1.0
feniqs_optimizer/data/paper_data/graphstate/graphstate_ucx_32.qasm,0.09435653686523438,1.0
feniqs_optimizer/data/paper_data/graphstate/graphstate_ucx_32.qasm,0.0785210132598877,1.0
feniqs_optimizer/data/paper_data/qft/qft_ucx_24.qasm,0.11463117599487305,1.0
feniqs_optimizer/data/paper_data/qft/qft_ucx_24.qasm,0.10294651985168457,1.0
feniqs_optimizer/data/paper_data/ghz/ghz_ucx_384.qasm,0.556675910949707,1.0
feniqs_optimizer/data/paper_data/ghz/ghz_ucx_384.qasm,0.5601456165313721,1.0
feniqs_optimizer/data/paper_data/wstate/wstate_ucx_7.qasm,0.02344036102294922,1.0
feniqs_optimizer/data/paper_data/wstate/wstate_ucx_7.qasm,0.028391599655151367,1.0
feniqs_optimizer/data/paper_data/realamprandom/realamprandom_ucx_16.qasm,11.01050591468811,1.0
feniqs_optimizer/data/paper_data/realamprandom/realamprandom_ucx_16.qasm,11.056183099746704,1.0
feniqs_optimizer/data/paper_data/qftentangled/qftentangled_ucx_5.qasm,0.03217053413391113,1.0
feniqs_optimizer/data/paper_data/qftentangled/qftentangled_ucx_5.qasm,0.016303062438964844,1.0
feniqs_optimizer/data/paper_data/realamprandom/realamprandom_ucx_5.qasm,0.025122642517089844,1.0
feniqs_optimizer/data/paper_data/realamprandom/realamprandom_ucx_5.qasm,0.02881312370300293,1.0
feniqs_optimizer/data/paper_data/qpeexact/qpeexact_ucx_36.qasm,0.24876904487609863,1.0
feniqs_optimizer/data/paper_data/qpeexact/qpeexact_ucx_36.qasm,0.251495361328125,1.0
feniqs_optimizer/data/paper_data/wstate/wstate_ucx_144.qasm,0.24814796447753906,1.0
feniqs_optimizer/data/paper_data/wstate/wstate_ucx_144.qasm,0.2539942264556885,1.0
feniqs_optimizer/data/paper_data/su2random/su2random_ucx_5.qasm,0.03226470947265625,1.0
feniqs_optimizer/data/paper_data/su2random/su2random_ucx_5.qasm,0.032114267349243164,1.0
feniqs_optimizer/data/paper_data/su2random/su2random_ucx_8.qasm,0.04139304161071777,1.0
feniqs_optimizer/data/paper_data/su2random/su2random_ucx_8.qasm,0.048270225524902344,1.0
feniqs_optimizer/data/paper_data/qftentangled/qftentangled_ucx_48.qasm,0.3853282928466797,1.0
feniqs_optimizer/data/paper_data/qftentangled/qftentangled_ucx_48.qasm,0.4774954319000244,1.0
feniqs_optimizer/data/paper_data/ae/ae_ucx_64.qasm,197.94565844535828,1.0
feniqs_optimizer/data/paper_data/ae/ae_ucx_64.qasm,195.24770140647888,1.0
feniqs_optimizer/data/paper_data/qpeinexact/qpeinexact_ucx_240.qasm,7.9930009841918945,1.0
feniqs_optimizer/data/paper_data/qpeinexact/qpeinexact_ucx_240.qasm,82.76609754562378,1.0
feniqs_optimizer/data/paper_data/qwalk/qwalk-v-chain_ucx_13.qasm,0.6281204223632812,1.0
feniqs_optimizer/data/paper_data/qwalk/qwalk-v-chain_ucx_13.qasm,0.4838716983795166,1.0
feniqs_optimizer/data/paper_data/ghz/ghz_ucx_44.qasm,0.10064220428466797,1.0
feniqs_optimizer/data/paper_data/ghz/ghz_ucx_44.qasm,0.07268571853637695,1.0
feniqs_optimizer/data/paper_data/ghz/ghz_ucx_832.qasm,1.1945574283599854,1.0
feniqs_optimizer/data/paper_data/ghz/ghz_ucx_832.qasm,1.2167818546295166,1.0
feniqs_optimizer/data/paper_data/realamprandom/realamprandom_ucx_15.qasm,5.148850917816162,1.0
feniqs_optimizer/data/paper_data/realamprandom/realamprandom_ucx_15.qasm,5.073965549468994,1.0
feniqs_optimizer/data/paper_data/qft/qft_ucx_120.qasm,1.3232922554016113,1.0
feniqs_optimizer/data/paper_data/qft/qft_ucx_120.qasm,0.9423162937164307,1.0
feniqs_optimizer/data/paper_data/ghz/ghz_ucx_9.qasm,0.027841567993164062,1.0
feniqs_optimizer/data/paper_data/ghz/ghz_ucx_9.qasm,0.026167869567871094,1.0
feniqs_optimizer/data/paper_data/ghz/ghz_ucx_7.qasm,0.04186749458312988,1.0
feniqs_optimizer/data/paper_data/ghz/ghz_ucx_7.qasm,0.030827760696411133,1.0
feniqs_optimizer/data/paper_data/wstate/wstate_ucx_48.qasm,0.09600186347961426,1.0
feniqs_optimizer/data/paper_data/wstate/wstate_ucx_48.qasm,0.09282493591308594,1.0
feniqs_optimizer/data/paper_data/wstate/wstate_ucx_1024.qasm,1.879870891571045,1.0
feniqs_optimizer/data/paper_data/wstate/wstate_ucx_1024.qasm,1.7335200309753418,1.0
feniqs_optimizer/data/paper_data/realamprandom/realamprandom_ucx_11.qasm,0.20441055297851562,1.0
feniqs_optimizer/data/paper_data/realamprandom/realamprandom_ucx_11.qasm,0.18152713775634766,1.0
feniqs_optimizer/data/paper_data/ghz/ghz_ucx_18.qasm,0.04300117492675781,1.0
feniqs_optimizer/data/paper_data/ghz/ghz_ucx_18.qasm,0.03647756576538086,1.0
feniqs_optimizer/data/paper_data/ghz/ghz_ucx_60.qasm,0.10136270523071289,1.0
feniqs_optimizer/data/paper_data/ghz/ghz_ucx_60.qasm,0.09650278091430664,1.0
feniqs_optimizer/data/paper_data/ghz/ghz_ucx_40.qasm,0.07277417182922363,1.0
feniqs_optimizer/data/paper_data/ghz/ghz_ucx_40.qasm,0.06747102737426758,1.0
feniqs_optimizer/data/paper_data/qwalk/qwalk-v-chain_ucx_12.qasm,0.39829087257385254,1.0
feniqs_optimizer/data/paper_data/qwalk/qwalk-v-chain_ucx_12.qasm,0.34630846977233887,1.0
feniqs_optimizer/data/paper_data/realamprandom/realamprandom_ucx_12.qasm,0.505424976348877,1.0
feniqs_optimizer/data/paper_data/realamprandom/realamprandom_ucx_12.qasm,0.39083361625671387,1.0
feniqs_optimizer/data/paper_data/qnn/qnn_ucx_6.qasm,0.029282093048095703,1.0
feniqs_optimizer/data/paper_data/qnn/qnn_ucx_6.qasm,0.024044036865234375,1.0
feniqs_optimizer/data/paper_data/ghz/ghz_ucx_10.qasm,0.02245044708251953,1.0
feniqs_optimizer/data/paper_data/ghz/ghz_ucx_10.qasm,0.026381969451904297,1.0
feniqs_optimizer/data/paper_data/qft/qft_ucx_26.qasm,0.14240288734436035,1.0
feniqs_optimizer/data/paper_data/qft/qft_ucx_26.qasm,0.12658977508544922,1.0
feniqs_optimizer/data/paper_data/qpeexact/qpeexact_ucx_104.qasm,2.122058153152466,1.0
feniqs_optimizer/data/paper_data/qpeexact/qpeexact_ucx_104.qasm,2.4897007942199707,1.0
feniqs_optimizer/data/paper_data/ghz/ghz_ucx_96.qasm,0.1498088836669922,1.0
feniqs_optimizer/data/paper_data/ghz/ghz_ucx_96.qasm,0.15497899055480957,1.0
feniqs_optimizer/data/paper_data/qpeinexact/qpeinexact_ucx_4.qasm,0.01973104476928711,1.0
feniqs_optimizer/data/paper_data/qpeinexact/qpeinexact_ucx_4.qasm,0.019751548767089844,1.0
feniqs_optimizer/data/paper_data/su2random/su2random_ucx_7.qasm,0.0349125862121582,1.0
feniqs_optimizer/data/paper_data/su2random/su2random_ucx_7.qasm,0.0367274284362793,1.0
feniqs_optimizer/data/paper_data/qpeexact/qpeexact_ucx_30.qasm,0.17352986335754395,1.0
feniqs_optimizer/data/paper_data/qpeexact/qpeexact_ucx_30.qasm,0.162062406539917,1.0
feniqs_optimizer/data/paper_data/random/random_ucx_4.qasm,0.02118968963623047,1.0
feniqs_optimizer/data/paper_data/random/random_ucx_4.qasm,0.03287982940673828,1.0
feniqs_optimizer/data/paper_data/qpeexact/qpeexact_ucx_120.qasm,2.8023030757904053,1.0
feniqs_optimizer/data/paper_data/qpeexact/qpeexact_ucx_120.qasm,2.8813748359680176,1.0
feniqs_optimizer/data/paper_data/wstate/wstate_ucx_30.qasm,0.07729721069335938,1.0
feniqs_optimizer/data/paper_data/wstate/wstate_ucx_30.qasm,0.06353235244750977,1.0
feniqs_optimizer/data/paper_data/qftentangled/qftentangled_ucx_30.qasm,0.23677682876586914,1.0
feniqs_optimizer/data/paper_data/qftentangled/qftentangled_ucx_30.qasm,0.23215556144714355,1.0
feniqs_optimizer/data/paper_data/qnn/qnn_ucx_13.qasm,0.1555771827697754,1.0
feniqs_optimizer/data/paper_data/qnn/qnn_ucx_13.qasm,0.3307914733886719,1.0
feniqs_optimizer/data/paper_data/realamprandom/realamprandom_ucx_7.qasm,0.051444292068481445,1.0
feniqs_optimizer/data/paper_data/realamprandom/realamprandom_ucx_7.qasm,0.04308724403381348,1.0
feniqs_optimizer/data/paper_data/wstate/wstate_ucx_288.qasm,0.5002591609954834,1.0
feniqs_optimizer/data/paper_data/wstate/wstate_ucx_288.qasm,0.4784567356109619,1.0
feniqs_optimizer/data/paper_data/ae/ae_ucx_14.qasm,0.23966455459594727,1.0
feniqs_optimizer/data/paper_data/ae/ae_ucx_14.qasm,0.21974563598632812,1.0
feniqs_optimizer/data/paper_data/qwalk/qwalk-v-chain_ucx_10.qasm,0.2724263668060303,1.0
feniqs_optimizer/data/paper_data/qwalk/qwalk-v-chain_ucx_10.qasm,0.3287081718444824,1.0
feniqs_optimizer/data/paper_data/qftentangled/qftentangled_ucx_240.qasm,2.437316417694092,1.0
feniqs_optimizer/data/paper_data/qftentangled/qftentangled_ucx_240.qasm,2.453927993774414,1.0
feniqs_optimizer/data/paper_data/qftentangled/qftentangled_ucx_22.qasm,0.12442278861999512,1.0
feniqs_optimizer/data/paper_data/qftentangled/qftentangled_ucx_22.qasm,0.12712955474853516,1.0
feniqs_optimizer/data/paper_data/qpeinexact/qpeinexact_ucx_5.qasm,0.02075481414794922,1.0
feniqs_optimizer/data/paper_data/qpeinexact/qpeinexact_ucx_5.qasm,0.018091201782226562,1.0
feniqs_optimizer/data/paper_data/qnn/qnn_ucx_8.qasm,0.03658723831176758,1.0
feniqs_optimizer/data/paper_data/qnn/qnn_ucx_8.qasm,0.03715920448303223,1.0
feniqs_optimizer/data/paper_data/qft/qft_ucx_240.qasm,2.041149377822876,1.0
feniqs_optimizer/data/paper_data/qft/qft_ucx_240.qasm,3.0196428298950195,1.0
feniqs_optimizer/data/paper_data/qftentangled/qftentangled_ucx_72.qasm,0.5920190811157227,1.0
feniqs_optimizer/data/paper_data/qftentangled/qftentangled_ucx_72.qasm,0.5970909595489502,1.0
feniqs_optimizer/data/paper_data/qpeinexact/qpeinexact_ucx_12.qasm,0.07739567756652832,1.0
feniqs_optimizer/data/paper_data/qpeinexact/qpeinexact_ucx_12.qasm,0.08667898178100586,1.0
feniqs_optimizer/data/paper_data/ghz/ghz_ucx_6.qasm,0.015738725662231445,1.0
feniqs_optimizer/data/paper_data/ghz/ghz_ucx_6.qasm,0.016010522842407227,1.0
